{
  "full": [160.70616, -55.86771 , 179.99897, -45.00058],
  "anti": [178, -50.5, 179.5, -47],
  "auck": [165.25, -51.5, 167.25, -49.5],
  "camp": [168.25, -53, 169.75, -52]
}